{"cameraMode":{"drawMode":0,"name":"Shaded","section":"Shading Mode"},"sceneLighting":true,"audioPlay":false,"sceneViewState":{"m_AlwaysRefresh":false,"showFog":true,"showSkybox":true,"showFlares":true,"showImageEffects":true,"showParticleSystems":true,"showVisualEffectGraphs":true,"m_FxEnabled":true},"in2DMode":false,"pivot":{"x":1.2790108919143677,"y":-16.818368911743165,"z":16.480850219726564},"rotation":{"x":-0.3855946958065033,"y":-0.008245049975812436,"z":0.00271032121963799,"w":-0.9230227470397949},"size":18.0179443359375,"orthographic":false}